experiment_group,graph_family,dataset,variant,name,target_density,generator_seed,declared_classes,n_vertices,n_edges,density,min_degree,avg_degree,max_degree,component_count,largest_component,clique_lower_bound,used_colors,success,timed_out,pruned_by_clique,search_status,node_expansions,backtracks,runtime_seconds,overhead_ms_per_node,first_fail_depth,timeout_seconds,solutions_found,solution_target,stopped_on_target,color_limit,valid_coloring,explanation_notes
correctness,small_validation,validation_k4,B0,Base Backtracking,,,4,4,6,1.0,3,3.0,3,1,4,4,4,True,False,False,success,4,0,5.5e-05,0.013625,,10.0,1,1,True,4,True,clique_lower_bound=4; component_count=1; largest_component=4; density=1.0000; max_degree=3; avg_degree=3.00; component_strategy=single-search
correctness,small_validation,validation_k4,B5,B4 + Structured Pruning,,,4,4,6,1.0,3,3.0,3,1,4,4,4,True,False,False,success,4,0,9.8e-05,0.024475,,10.0,1,1,True,4,True,clique_lower_bound=4; component_count=1; largest_component=4; density=1.0000; max_degree=3; avg_degree=3.00; component_strategy=decompose
provided_maps,dimacs_leighton,le450_5a.col,B0,Base Backtracking,,,5,450,5714,0.05656,13,25.395556,42,1,450,5,0,False,True,False,timeout,7835909,16535317,500.000059,0.063809,31,500.0,0,1,False,5,False,clique_lower_bound=5; component_count=1; largest_component=450; density=0.0566; max_degree=42; avg_degree=25.40; component_strategy=single-search
provided_maps,dimacs_leighton,le450_5a.col,B1,Backtracking + Forward Checking,,,5,450,5714,0.05656,13,25.395556,42,1,450,5,0,False,True,False,timeout,8474792,17578538,500.000164,0.058999,19,500.0,0,1,False,5,False,clique_lower_bound=5; component_count=1; largest_component=450; density=0.0566; max_degree=42; avg_degree=25.40; component_strategy=single-search
provided_maps,dimacs_leighton,le450_5a.col,B2,B1 + MRV,,,5,450,5714,0.05656,13,25.395556,42,1,450,5,5,True,False,False,success,74848,80671,249.705652,3.33617,5,500.0,1,1,True,5,True,clique_lower_bound=5; component_count=1; largest_component=450; density=0.0566; max_degree=42; avg_degree=25.40; component_strategy=single-search
provided_maps,dimacs_leighton,le450_5a.col,B3,B2 + Degree Tie-Break,,,5,450,5714,0.05656,13,25.395556,42,1,450,5,5,True,False,False,success,74848,80671,254.151884,3.395573,5,500.0,1,1,True,5,True,clique_lower_bound=5; component_count=1; largest_component=450; density=0.0566; max_degree=42; avg_degree=25.40; component_strategy=single-search
provided_maps,dimacs_leighton,le450_5a.col,B4,B3 + LCV,,,5,450,5714,0.05656,13,25.395556,42,1,450,5,5,True,False,False,success,45277,48122,150.543726,3.324949,6,500.0,1,1,True,5,True,clique_lower_bound=5; component_count=1; largest_component=450; density=0.0566; max_degree=42; avg_degree=25.40; component_strategy=single-search
provided_maps,dimacs_leighton,le450_5a.col,B5,B4 + Structured Pruning,,,5,450,5714,0.05656,13,25.395556,42,1,450,5,5,True,False,False,success,45277,48122,148.93399,3.289396,6,500.0,1,1,True,5,True,clique_lower_bound=5; component_count=1; largest_component=450; density=0.0566; max_degree=42; avg_degree=25.40; component_strategy=decompose
provided_maps,dimacs_leighton,le450_15b.col,B0,Base Backtracking,,,15,450,8169,0.080861,1,36.306667,94,1,450,15,0,False,True,False,timeout,2369149,15476341,500.000108,0.211046,139,500.0,0,1,False,15,False,clique_lower_bound=15; component_count=1; largest_component=450; density=0.0809; max_degree=94; avg_degree=36.31; component_strategy=single-search
provided_maps,dimacs_leighton,le450_15b.col,B1,Backtracking + Forward Checking,,,15,450,8169,0.080861,1,36.306667,94,1,450,15,0,False,True,False,timeout,7329283,11838333,500.000821,0.06822,125,500.0,0,1,False,15,False,clique_lower_bound=15; component_count=1; largest_component=450; density=0.0809; max_degree=94; avg_degree=36.31; component_strategy=single-search
provided_maps,dimacs_leighton,le450_15b.col,B2,B1 + MRV,,,15,450,8169,0.080861,1,36.306667,94,1,450,15,0,False,True,False,timeout,485123,649666,500.001334,1.030669,190,500.0,0,1,False,15,False,clique_lower_bound=15; component_count=1; largest_component=450; density=0.0809; max_degree=94; avg_degree=36.31; component_strategy=single-search
provided_maps,dimacs_leighton,le450_15b.col,B3,B2 + Degree Tie-Break,,,15,450,8169,0.080861,1,36.306667,94,1,450,15,0,False,True,False,timeout,477534,638808,500.00163,1.047049,190,500.0,0,1,False,15,False,clique_lower_bound=15; component_count=1; largest_component=450; density=0.0809; max_degree=94; avg_degree=36.31; component_strategy=single-search
provided_maps,dimacs_leighton,le450_15b.col,B4,B3 + LCV,,,15,450,8169,0.080861,1,36.306667,94,1,450,15,0,False,True,False,timeout,293825,343128,500.002658,1.701702,196,500.0,0,1,False,15,False,clique_lower_bound=15; component_count=1; largest_component=450; density=0.0809; max_degree=94; avg_degree=36.31; component_strategy=single-search
provided_maps,dimacs_leighton,le450_15b.col,B5,B4 + Structured Pruning,,,15,450,8169,0.080861,1,36.306667,94,1,450,15,0,False,True,False,timeout,292491,341556,500.002755,1.709464,196,500.0,0,1,False,15,False,clique_lower_bound=15; component_count=1; largest_component=450; density=0.0809; max_degree=94; avg_degree=36.31; component_strategy=decompose
provided_maps,dimacs_leighton,le450_25a.col,B0,Base Backtracking,,,25,450,8260,0.081762,2,36.711111,128,1,450,25,25,True,False,False,success,581,211,0.05442,0.093665,273,500.0,1,1,True,25,True,clique_lower_bound=25; component_count=1; largest_component=450; density=0.0818; max_degree=128; avg_degree=36.71; component_strategy=single-search
provided_maps,dimacs_leighton,le450_25a.col,B1,Backtracking + Forward Checking,,,25,450,8260,0.081762,2,36.711111,128,1,450,25,25,True,False,False,success,521,91,0.043905,0.084271,273,500.0,1,1,True,25,True,clique_lower_bound=25; component_count=1; largest_component=450; density=0.0818; max_degree=128; avg_degree=36.71; component_strategy=single-search
provided_maps,dimacs_leighton,le450_25a.col,B2,B1 + MRV,,,25,450,8260,0.081762,2,36.711111,128,1,450,25,25,True,False,False,success,450,0,3.580931,7.957624,,500.0,1,1,True,25,True,clique_lower_bound=25; component_count=1; largest_component=450; density=0.0818; max_degree=128; avg_degree=36.71; component_strategy=single-search
provided_maps,dimacs_leighton,le450_25a.col,B3,B2 + Degree Tie-Break,,,25,450,8260,0.081762,2,36.711111,128,1,450,25,25,True,False,False,success,450,0,3.551466,7.892146,,500.0,1,1,True,25,True,clique_lower_bound=25; component_count=1; largest_component=450; density=0.0818; max_degree=128; avg_degree=36.71; component_strategy=single-search
provided_maps,dimacs_leighton,le450_25a.col,B4,B3 + LCV,,,25,450,8260,0.081762,2,36.711111,128,1,450,25,25,True,False,False,success,450,0,3.767418,8.372039,,500.0,1,1,True,25,True,clique_lower_bound=25; component_count=1; largest_component=450; density=0.0818; max_degree=128; avg_degree=36.71; component_strategy=single-search
provided_maps,dimacs_leighton,le450_25a.col,B5,B4 + Structured Pruning,,,25,450,8260,0.081762,2,36.711111,128,1,450,25,25,True,False,False,success,450,0,3.637594,8.083541,,500.0,1,1,True,25,True,clique_lower_bound=25; component_count=1; largest_component=450; density=0.0818; max_degree=128; avg_degree=36.71; component_strategy=decompose
pruning_ablation,dimacs_leighton,le450_5a.col,B0,Base Backtracking,,,5,450,5714,0.05656,13,25.395556,42,1,450,5,0,False,True,False,timeout,8639116,18347436,500.000055,0.057876,31,500.0,0,1,False,5,False,clique_lower_bound=5; component_count=1; largest_component=450; density=0.0566; max_degree=42; avg_degree=25.40; component_strategy=single-search
pruning_ablation,dimacs_leighton,le450_5a.col,B1,Backtracking + Forward Checking,,,5,450,5714,0.05656,13,25.395556,42,1,450,5,0,False,True,False,timeout,9503025,19695244,500.000148,0.052615,19,500.0,0,1,False,5,False,clique_lower_bound=5; component_count=1; largest_component=450; density=0.0566; max_degree=42; avg_degree=25.40; component_strategy=single-search
pruning_ablation,dimacs_leighton,le450_5a.col,B2,B1 + MRV,,,5,450,5714,0.05656,13,25.395556,42,1,450,5,5,True,False,False,success,74848,80671,233.251443,3.116335,5,500.0,1,1,True,5,True,clique_lower_bound=5; component_count=1; largest_component=450; density=0.0566; max_degree=42; avg_degree=25.40; component_strategy=single-search
pruning_ablation,dimacs_leighton,le450_5a.col,B3,B2 + Degree Tie-Break,,,5,450,5714,0.05656,13,25.395556,42,1,450,5,5,True,False,False,success,74848,80671,234.016594,3.126558,5,500.0,1,1,True,5,True,clique_lower_bound=5; component_count=1; largest_component=450; density=0.0566; max_degree=42; avg_degree=25.40; component_strategy=single-search
pruning_ablation,dimacs_leighton,le450_5a.col,B4,B3 + LCV,,,5,450,5714,0.05656,13,25.395556,42,1,450,5,5,True,False,False,success,45277,48122,136.551839,3.015921,6,500.0,1,1,True,5,True,clique_lower_bound=5; component_count=1; largest_component=450; density=0.0566; max_degree=42; avg_degree=25.40; component_strategy=single-search
pruning_ablation,dimacs_leighton,le450_5a.col,B5,B4 + Structured Pruning,,,5,450,5714,0.05656,13,25.395556,42,1,450,5,5,True,False,False,success,45277,48122,137.236254,3.031037,6,500.0,1,1,True,5,True,clique_lower_bound=5; component_count=1; largest_component=450; density=0.0566; max_degree=42; avg_degree=25.40; component_strategy=decompose
pruning_ablation,dimacs_leighton,le450_15b.col,B0,Base Backtracking,,,15,450,8169,0.080861,1,36.306667,94,1,450,15,0,False,True,False,timeout,2629976,17096554,500.00007,0.190116,139,500.0,0,1,False,15,False,clique_lower_bound=15; component_count=1; largest_component=450; density=0.0809; max_degree=94; avg_degree=36.31; component_strategy=single-search
pruning_ablation,dimacs_leighton,le450_15b.col,B1,Backtracking + Forward Checking,,,15,450,8169,0.080861,1,36.306667,94,1,450,15,0,False,True,False,timeout,8398449,13579335,500.000692,0.059535,125,500.0,0,1,False,15,False,clique_lower_bound=15; component_count=1; largest_component=450; density=0.0809; max_degree=94; avg_degree=36.31; component_strategy=single-search
pruning_ablation,dimacs_leighton,le450_15b.col,B2,B1 + MRV,,,15,450,8169,0.080861,1,36.306667,94,1,450,15,0,False,True,False,timeout,498230,668403,500.001547,1.003556,190,500.0,0,1,False,15,False,clique_lower_bound=15; component_count=1; largest_component=450; density=0.0809; max_degree=94; avg_degree=36.31; component_strategy=single-search
pruning_ablation,dimacs_leighton,le450_15b.col,B3,B2 + Degree Tie-Break,,,15,450,8169,0.080861,1,36.306667,94,1,450,15,0,False,True,False,timeout,488978,655231,500.001497,1.022544,190,500.0,0,1,False,15,False,clique_lower_bound=15; component_count=1; largest_component=450; density=0.0809; max_degree=94; avg_degree=36.31; component_strategy=single-search
pruning_ablation,dimacs_leighton,le450_15b.col,B4,B3 + LCV,,,15,450,8169,0.080861,1,36.306667,94,1,450,15,0,False,True,False,timeout,293117,342311,500.002099,1.705811,196,500.0,0,1,False,15,False,clique_lower_bound=15; component_count=1; largest_component=450; density=0.0809; max_degree=94; avg_degree=36.31; component_strategy=single-search
pruning_ablation,dimacs_leighton,le450_15b.col,B5,B4 + Structured Pruning,,,15,450,8169,0.080861,1,36.306667,94,1,450,15,0,False,True,False,timeout,293376,342614,500.00319,1.704308,196,500.0,0,1,False,15,False,clique_lower_bound=15; component_count=1; largest_component=450; density=0.0809; max_degree=94; avg_degree=36.31; component_strategy=decompose
pruning_ablation,dimacs_leighton,le450_25a.col,B0,Base Backtracking,,,25,450,8260,0.081762,2,36.711111,128,1,450,25,25,True,False,False,success,581,211,0.054305,0.093467,273,500.0,1,1,True,25,True,clique_lower_bound=25; component_count=1; largest_component=450; density=0.0818; max_degree=128; avg_degree=36.71; component_strategy=single-search
pruning_ablation,dimacs_leighton,le450_25a.col,B1,Backtracking + Forward Checking,,,25,450,8260,0.081762,2,36.711111,128,1,450,25,25,True,False,False,success,521,91,0.045137,0.086635,273,500.0,1,1,True,25,True,clique_lower_bound=25; component_count=1; largest_component=450; density=0.0818; max_degree=128; avg_degree=36.71; component_strategy=single-search
pruning_ablation,dimacs_leighton,le450_25a.col,B2,B1 + MRV,,,25,450,8260,0.081762,2,36.711111,128,1,450,25,25,True,False,False,success,450,0,3.513531,7.807846,,500.0,1,1,True,25,True,clique_lower_bound=25; component_count=1; largest_component=450; density=0.0818; max_degree=128; avg_degree=36.71; component_strategy=single-search
pruning_ablation,dimacs_leighton,le450_25a.col,B3,B2 + Degree Tie-Break,,,25,450,8260,0.081762,2,36.711111,128,1,450,25,25,True,False,False,success,450,0,3.508638,7.796974,,500.0,1,1,True,25,True,clique_lower_bound=25; component_count=1; largest_component=450; density=0.0818; max_degree=128; avg_degree=36.71; component_strategy=single-search
pruning_ablation,dimacs_leighton,le450_25a.col,B4,B3 + LCV,,,25,450,8260,0.081762,2,36.711111,128,1,450,25,25,True,False,False,success,450,0,3.652142,8.115871,,500.0,1,1,True,25,True,clique_lower_bound=25; component_count=1; largest_component=450; density=0.0818; max_degree=128; avg_degree=36.71; component_strategy=single-search
pruning_ablation,dimacs_leighton,le450_25a.col,B5,B4 + Structured Pruning,,,25,450,8260,0.081762,2,36.711111,128,1,450,25,25,True,False,False,success,450,0,3.628027,8.062282,,500.0,1,1,True,25,True,clique_lower_bound=25; component_count=1; largest_component=450; density=0.0818; max_degree=128; avg_degree=36.71; component_strategy=decompose
scaling_random_graphs,random_k_colorable,random_colorable_n20_p0.12_s11,B0,Base Backtracking,,,4,20,30,0.157895,1,3.0,5,1,20,3,4,True,False,False,success,20,0,0.000166,0.00828,,30.0,1,1,True,4,True,clique_lower_bound=3; component_count=1; largest_component=20; density=0.1579; max_degree=5; avg_degree=3.00; component_strategy=single-search
scaling_random_graphs,random_k_colorable,random_colorable_n20_p0.12_s11,B1,Backtracking + Forward Checking,,,4,20,30,0.157895,1,3.0,5,1,20,3,4,True,False,False,success,20,0,0.000158,0.007905,,30.0,1,1,True,4,True,clique_lower_bound=3; component_count=1; largest_component=20; density=0.1579; max_degree=5; avg_degree=3.00; component_strategy=single-search
scaling_random_graphs,random_k_colorable,random_colorable_n20_p0.12_s11,B2,B1 + MRV,,,4,20,30,0.157895,1,3.0,5,1,20,3,3,True,False,False,success,20,0,0.000629,0.031475,,30.0,1,1,True,4,True,clique_lower_bound=3; component_count=1; largest_component=20; density=0.1579; max_degree=5; avg_degree=3.00; component_strategy=single-search
scaling_random_graphs,random_k_colorable,random_colorable_n20_p0.12_s11,B3,B2 + Degree Tie-Break,,,4,20,30,0.157895,1,3.0,5,1,20,3,3,True,False,False,success,20,0,0.000642,0.03209,,30.0,1,1,True,4,True,clique_lower_bound=3; component_count=1; largest_component=20; density=0.1579; max_degree=5; avg_degree=3.00; component_strategy=single-search
scaling_random_graphs,random_k_colorable,random_colorable_n20_p0.12_s11,B4,B3 + LCV,,,4,20,30,0.157895,1,3.0,5,1,20,3,3,True,False,False,success,20,0,0.000694,0.034705,,30.0,1,1,True,4,True,clique_lower_bound=3; component_count=1; largest_component=20; density=0.1579; max_degree=5; avg_degree=3.00; component_strategy=single-search
scaling_random_graphs,random_k_colorable,random_colorable_n20_p0.12_s11,B5,B4 + Structured Pruning,,,4,20,30,0.157895,1,3.0,5,1,20,3,3,True,False,False,success,20,0,0.000688,0.034415,,30.0,1,1,True,4,True,clique_lower_bound=3; component_count=1; largest_component=20; density=0.1579; max_degree=5; avg_degree=3.00; component_strategy=decompose
scaling_random_graphs,random_k_colorable,random_colorable_n20_p0.12_s29,B0,Base Backtracking,,,4,20,18,0.094737,0,1.8,4,6,14,3,3,True,False,False,success,20,0,0.000148,0.00739,,30.0,1,1,True,4,True,clique_lower_bound=3; component_count=6; largest_component=14; density=0.0947; max_degree=4; avg_degree=1.80; component_strategy=single-search
scaling_random_graphs,random_k_colorable,random_colorable_n20_p0.12_s29,B1,Backtracking + Forward Checking,,,4,20,18,0.094737,0,1.8,4,6,14,3,3,True,False,False,success,20,0,0.000147,0.007365,,30.0,1,1,True,4,True,clique_lower_bound=3; component_count=6; largest_component=14; density=0.0947; max_degree=4; avg_degree=1.80; component_strategy=single-search
scaling_random_graphs,random_k_colorable,random_colorable_n20_p0.12_s29,B2,B1 + MRV,,,4,20,18,0.094737,0,1.8,4,6,14,3,3,True,False,False,success,20,0,0.000589,0.02943,,30.0,1,1,True,4,True,clique_lower_bound=3; component_count=6; largest_component=14; density=0.0947; max_degree=4; avg_degree=1.80; component_strategy=single-search
scaling_random_graphs,random_k_colorable,random_colorable_n20_p0.12_s29,B3,B2 + Degree Tie-Break,,,4,20,18,0.094737,0,1.8,4,6,14,3,3,True,False,False,success,20,0,0.000584,0.029215,,30.0,1,1,True,4,True,clique_lower_bound=3; component_count=6; largest_component=14; density=0.0947; max_degree=4; avg_degree=1.80; component_strategy=single-search
scaling_random_graphs,random_k_colorable,random_colorable_n20_p0.12_s29,B4,B3 + LCV,,,4,20,18,0.094737,0,1.8,4,6,14,3,3,True,False,False,success,20,0,0.000629,0.03147,,30.0,1,1,True,4,True,clique_lower_bound=3; component_count=6; largest_component=14; density=0.0947; max_degree=4; avg_degree=1.80; component_strategy=single-search
scaling_random_graphs,random_k_colorable,random_colorable_n20_p0.12_s29,B5,B4 + Structured Pruning,,,4,20,18,0.094737,0,1.8,4,6,14,3,3,True,False,False,success,20,0,0.000711,0.03554,,30.0,6,1,True,4,True,clique_lower_bound=3; component_count=6; largest_component=14; density=0.0947; max_degree=4; avg_degree=1.80; component_strategy=decompose
scaling_random_graphs,random_k_colorable,random_colorable_n20_p0.12_s47,B0,Base Backtracking,,,4,20,21,0.110526,1,2.1,5,3,15,3,3,True,False,False,success,20,0,0.00015,0.007475,,30.0,1,1,True,4,True,clique_lower_bound=3; component_count=3; largest_component=15; density=0.1105; max_degree=5; avg_degree=2.10; component_strategy=single-search
scaling_random_graphs,random_k_colorable,random_colorable_n20_p0.12_s47,B1,Backtracking + Forward Checking,,,4,20,21,0.110526,1,2.1,5,3,15,3,3,True,False,False,success,20,0,0.000153,0.007665,,30.0,1,1,True,4,True,clique_lower_bound=3; component_count=3; largest_component=15; density=0.1105; max_degree=5; avg_degree=2.10; component_strategy=single-search
scaling_random_graphs,random_k_colorable,random_colorable_n20_p0.12_s47,B2,B1 + MRV,,,4,20,21,0.110526,1,2.1,5,3,15,3,3,True,False,False,success,20,0,0.000605,0.030235,,30.0,1,1,True,4,True,clique_lower_bound=3; component_count=3; largest_component=15; density=0.1105; max_degree=5; avg_degree=2.10; component_strategy=single-search
scaling_random_graphs,random_k_colorable,random_colorable_n20_p0.12_s47,B3,B2 + Degree Tie-Break,,,4,20,21,0.110526,1,2.1,5,3,15,3,3,True,False,False,success,20,0,0.000614,0.030675,,30.0,1,1,True,4,True,clique_lower_bound=3; component_count=3; largest_component=15; density=0.1105; max_degree=5; avg_degree=2.10; component_strategy=single-search
scaling_random_graphs,random_k_colorable,random_colorable_n20_p0.12_s47,B4,B3 + LCV,,,4,20,21,0.110526,1,2.1,5,3,15,3,3,True,False,False,success,20,0,0.000672,0.033585,,30.0,1,1,True,4,True,clique_lower_bound=3; component_count=3; largest_component=15; density=0.1105; max_degree=5; avg_degree=2.10; component_strategy=single-search
scaling_random_graphs,random_k_colorable,random_colorable_n20_p0.12_s47,B5,B4 + Structured Pruning,,,4,20,21,0.110526,1,2.1,5,3,15,3,3,True,False,False,success,20,0,0.000668,0.033405,,30.0,3,1,True,4,True,clique_lower_bound=3; component_count=3; largest_component=15; density=0.1105; max_degree=5; avg_degree=2.10; component_strategy=decompose
scaling_random_graphs,random_k_colorable,random_colorable_n20_p0.24_s11,B0,Base Backtracking,,,4,20,47,0.247368,2,4.7,7,1,20,3,4,True,False,False,success,20,0,0.000164,0.008215,,30.0,1,1,True,4,True,clique_lower_bound=3; component_count=1; largest_component=20; density=0.2474; max_degree=7; avg_degree=4.70; component_strategy=single-search
scaling_random_graphs,random_k_colorable,random_colorable_n20_p0.24_s11,B1,Backtracking + Forward Checking,,,4,20,47,0.247368,2,4.7,7,1,20,3,4,True,False,False,success,20,0,0.000172,0.00858,,30.0,1,1,True,4,True,clique_lower_bound=3; component_count=1; largest_component=20; density=0.2474; max_degree=7; avg_degree=4.70; component_strategy=single-search
scaling_random_graphs,random_k_colorable,random_colorable_n20_p0.24_s11,B2,B1 + MRV,,,4,20,47,0.247368,2,4.7,7,1,20,3,4,True,False,False,success,20,0,0.000708,0.03538,,30.0,1,1,True,4,True,clique_lower_bound=3; component_count=1; largest_component=20; density=0.2474; max_degree=7; avg_degree=4.70; component_strategy=single-search
scaling_random_graphs,random_k_colorable,random_colorable_n20_p0.24_s11,B3,B2 + Degree Tie-Break,,,4,20,47,0.247368,2,4.7,7,1,20,3,4,True,False,False,success,20,0,0.000777,0.038825,,30.0,1,1,True,4,True,clique_lower_bound=3; component_count=1; largest_component=20; density=0.2474; max_degree=7; avg_degree=4.70; component_strategy=single-search
scaling_random_graphs,random_k_colorable,random_colorable_n20_p0.24_s11,B4,B3 + LCV,,,4,20,47,0.247368,2,4.7,7,1,20,3,4,True,False,False,success,20,0,0.000768,0.03842,,30.0,1,1,True,4,True,clique_lower_bound=3; component_count=1; largest_component=20; density=0.2474; max_degree=7; avg_degree=4.70; component_strategy=single-search
scaling_random_graphs,random_k_colorable,random_colorable_n20_p0.24_s11,B5,B4 + Structured Pruning,,,4,20,47,0.247368,2,4.7,7,1,20,3,4,True,False,False,success,20,0,0.000764,0.0382,,30.0,1,1,True,4,True,clique_lower_bound=3; component_count=1; largest_component=20; density=0.2474; max_degree=7; avg_degree=4.70; component_strategy=decompose
scaling_random_graphs,random_k_colorable,random_colorable_n20_p0.24_s29,B0,Base Backtracking,,,4,20,44,0.231579,1,4.4,8,1,20,3,4,True,False,False,success,20,0,0.000162,0.00808,,30.0,1,1,True,4,True,clique_lower_bound=3; component_count=1; largest_component=20; density=0.2316; max_degree=8; avg_degree=4.40; component_strategy=single-search
scaling_random_graphs,random_k_colorable,random_colorable_n20_p0.24_s29,B1,Backtracking + Forward Checking,,,4,20,44,0.231579,1,4.4,8,1,20,3,4,True,False,False,success,20,0,0.000157,0.00785,,30.0,1,1,True,4,True,clique_lower_bound=3; component_count=1; largest_component=20; density=0.2316; max_degree=8; avg_degree=4.40; component_strategy=single-search
scaling_random_graphs,random_k_colorable,random_colorable_n20_p0.24_s29,B2,B1 + MRV,,,4,20,44,0.231579,1,4.4,8,1,20,3,4,True,False,False,success,20,0,0.000698,0.0349,,30.0,1,1,True,4,True,clique_lower_bound=3; component_count=1; largest_component=20; density=0.2316; max_degree=8; avg_degree=4.40; component_strategy=single-search
scaling_random_graphs,random_k_colorable,random_colorable_n20_p0.24_s29,B3,B2 + Degree Tie-Break,,,4,20,44,0.231579,1,4.4,8,1,20,3,4,True,False,False,success,20,0,0.000634,0.031705,,30.0,1,1,True,4,True,clique_lower_bound=3; component_count=1; largest_component=20; density=0.2316; max_degree=8; avg_degree=4.40; component_strategy=single-search
scaling_random_graphs,random_k_colorable,random_colorable_n20_p0.24_s29,B4,B3 + LCV,,,4,20,44,0.231579,1,4.4,8,1,20,3,4,True,False,False,success,20,0,0.00069,0.03451,,30.0,1,1,True,4,True,clique_lower_bound=3; component_count=1; largest_component=20; density=0.2316; max_degree=8; avg_degree=4.40; component_strategy=single-search
scaling_random_graphs,random_k_colorable,random_colorable_n20_p0.24_s29,B5,B4 + Structured Pruning,,,4,20,44,0.231579,1,4.4,8,1,20,3,4,True,False,False,success,20,0,0.000672,0.033585,,30.0,1,1,True,4,True,clique_lower_bound=3; component_count=1; largest_component=20; density=0.2316; max_degree=8; avg_degree=4.40; component_strategy=decompose
scaling_random_graphs,random_k_colorable,random_colorable_n20_p0.24_s47,B0,Base Backtracking,,,4,20,36,0.189474,1,3.6,8,1,20,3,3,True,False,False,success,20,0,0.00016,0.007975,,30.0,1,1,True,4,True,clique_lower_bound=3; component_count=1; largest_component=20; density=0.1895; max_degree=8; avg_degree=3.60; component_strategy=single-search
scaling_random_graphs,random_k_colorable,random_colorable_n20_p0.24_s47,B1,Backtracking + Forward Checking,,,4,20,36,0.189474,1,3.6,8,1,20,3,3,True,False,False,success,20,0,0.00016,0.00799,,30.0,1,1,True,4,True,clique_lower_bound=3; component_count=1; largest_component=20; density=0.1895; max_degree=8; avg_degree=3.60; component_strategy=single-search
scaling_random_graphs,random_k_colorable,random_colorable_n20_p0.24_s47,B2,B1 + MRV,,,4,20,36,0.189474,1,3.6,8,1,20,3,3,True,False,False,success,20,0,0.000629,0.031465,,30.0,1,1,True,4,True,clique_lower_bound=3; component_count=1; largest_component=20; density=0.1895; max_degree=8; avg_degree=3.60; component_strategy=single-search
scaling_random_graphs,random_k_colorable,random_colorable_n20_p0.24_s47,B3,B2 + Degree Tie-Break,,,4,20,36,0.189474,1,3.6,8,1,20,3,3,True,False,False,success,20,0,0.000654,0.03268,,30.0,1,1,True,4,True,clique_lower_bound=3; component_count=1; largest_component=20; density=0.1895; max_degree=8; avg_degree=3.60; component_strategy=single-search
scaling_random_graphs,random_k_colorable,random_colorable_n20_p0.24_s47,B4,B3 + LCV,,,4,20,36,0.189474,1,3.6,8,1,20,3,3,True,False,False,success,20,0,0.000707,0.03535,,30.0,1,1,True,4,True,clique_lower_bound=3; component_count=1; largest_component=20; density=0.1895; max_degree=8; avg_degree=3.60; component_strategy=single-search
scaling_random_graphs,random_k_colorable,random_colorable_n20_p0.24_s47,B5,B4 + Structured Pruning,,,4,20,36,0.189474,1,3.6,8,1,20,3,3,True,False,False,success,20,0,0.000691,0.034545,,30.0,1,1,True,4,True,clique_lower_bound=3; component_count=1; largest_component=20; density=0.1895; max_degree=8; avg_degree=3.60; component_strategy=decompose
scaling_random_graphs,random_k_colorable,random_colorable_n40_p0.12_s11,B0,Base Backtracking,,,4,40,70,0.089744,0,3.5,8,2,39,3,4,True,False,False,success,40,0,0.000346,0.00864,,30.0,1,1,True,4,True,clique_lower_bound=3; component_count=2; largest_component=39; density=0.0897; max_degree=8; avg_degree=3.50; component_strategy=single-search
scaling_random_graphs,random_k_colorable,random_colorable_n40_p0.12_s11,B1,Backtracking + Forward Checking,,,4,40,70,0.089744,0,3.5,8,2,39,3,4,True,False,False,success,40,0,0.000356,0.008888,,30.0,1,1,True,4,True,clique_lower_bound=3; component_count=2; largest_component=39; density=0.0897; max_degree=8; avg_degree=3.50; component_strategy=single-search
scaling_random_graphs,random_k_colorable,random_colorable_n40_p0.12_s11,B2,B1 + MRV,,,4,40,70,0.089744,0,3.5,8,2,39,3,3,True,False,False,success,40,0,0.00219,0.054747,,30.0,1,1,True,4,True,clique_lower_bound=3; component_count=2; largest_component=39; density=0.0897; max_degree=8; avg_degree=3.50; component_strategy=single-search
scaling_random_graphs,random_k_colorable,random_colorable_n40_p0.12_s11,B3,B2 + Degree Tie-Break,,,4,40,70,0.089744,0,3.5,8,2,39,3,3,True,False,False,success,40,0,0.002226,0.055655,,30.0,1,1,True,4,True,clique_lower_bound=3; component_count=2; largest_component=39; density=0.0897; max_degree=8; avg_degree=3.50; component_strategy=single-search
scaling_random_graphs,random_k_colorable,random_colorable_n40_p0.12_s11,B4,B3 + LCV,,,4,40,70,0.089744,0,3.5,8,2,39,3,3,True,False,False,success,40,0,0.002313,0.05782,,30.0,1,1,True,4,True,clique_lower_bound=3; component_count=2; largest_component=39; density=0.0897; max_degree=8; avg_degree=3.50; component_strategy=single-search
scaling_random_graphs,random_k_colorable,random_colorable_n40_p0.12_s11,B5,B4 + Structured Pruning,,,4,40,70,0.089744,0,3.5,8,2,39,3,3,True,False,False,success,40,0,0.002735,0.068365,,30.0,2,1,True,4,True,clique_lower_bound=3; component_count=2; largest_component=39; density=0.0897; max_degree=8; avg_degree=3.50; component_strategy=decompose
scaling_random_graphs,random_k_colorable,random_colorable_n40_p0.12_s29,B0,Base Backtracking,,,4,40,73,0.09359,0,3.65,8,2,39,3,4,True,False,False,success,40,0,0.000355,0.00888,,30.0,1,1,True,4,True,clique_lower_bound=3; component_count=2; largest_component=39; density=0.0936; max_degree=8; avg_degree=3.65; component_strategy=single-search
scaling_random_graphs,random_k_colorable,random_colorable_n40_p0.12_s29,B1,Backtracking + Forward Checking,,,4,40,73,0.09359,0,3.65,8,2,39,3,4,True,False,False,success,40,0,0.000351,0.008785,,30.0,1,1,True,4,True,clique_lower_bound=3; component_count=2; largest_component=39; density=0.0936; max_degree=8; avg_degree=3.65; component_strategy=single-search
scaling_random_graphs,random_k_colorable,random_colorable_n40_p0.12_s29,B2,B1 + MRV,,,4,40,73,0.09359,0,3.65,8,2,39,3,3,True,False,False,success,40,0,0.002178,0.054442,,30.0,1,1,True,4,True,clique_lower_bound=3; component_count=2; largest_component=39; density=0.0936; max_degree=8; avg_degree=3.65; component_strategy=single-search
scaling_random_graphs,random_k_colorable,random_colorable_n40_p0.12_s29,B3,B2 + Degree Tie-Break,,,4,40,73,0.09359,0,3.65,8,2,39,3,3,True,False,False,success,40,0,0.002241,0.056022,,30.0,1,1,True,4,True,clique_lower_bound=3; component_count=2; largest_component=39; density=0.0936; max_degree=8; avg_degree=3.65; component_strategy=single-search
scaling_random_graphs,random_k_colorable,random_colorable_n40_p0.12_s29,B4,B3 + LCV,,,4,40,73,0.09359,0,3.65,8,2,39,3,3,True,False,False,success,40,0,0.002329,0.058213,,30.0,1,1,True,4,True,clique_lower_bound=3; component_count=2; largest_component=39; density=0.0936; max_degree=8; avg_degree=3.65; component_strategy=single-search
scaling_random_graphs,random_k_colorable,random_colorable_n40_p0.12_s29,B5,B4 + Structured Pruning,,,4,40,73,0.09359,0,3.65,8,2,39,3,3,True,False,False,success,40,0,0.002592,0.064797,,30.0,2,1,True,4,True,clique_lower_bound=3; component_count=2; largest_component=39; density=0.0936; max_degree=8; avg_degree=3.65; component_strategy=decompose
scaling_random_graphs,random_k_colorable,random_colorable_n40_p0.12_s47,B0,Base Backtracking,,,4,40,77,0.098718,1,3.85,7,1,40,3,4,True,False,False,success,40,0,0.000346,0.008658,,30.0,1,1,True,4,True,clique_lower_bound=3; component_count=1; largest_component=40; density=0.0987; max_degree=7; avg_degree=3.85; component_strategy=single-search
scaling_random_graphs,random_k_colorable,random_colorable_n40_p0.12_s47,B1,Backtracking + Forward Checking,,,4,40,77,0.098718,1,3.85,7,1,40,3,4,True,False,False,success,40,0,0.000347,0.008663,,30.0,1,1,True,4,True,clique_lower_bound=3; component_count=1; largest_component=40; density=0.0987; max_degree=7; avg_degree=3.85; component_strategy=single-search
scaling_random_graphs,random_k_colorable,random_colorable_n40_p0.12_s47,B2,B1 + MRV,,,4,40,77,0.098718,1,3.85,7,1,40,3,4,True,False,False,success,40,0,0.002313,0.057818,,30.0,1,1,True,4,True,clique_lower_bound=3; component_count=1; largest_component=40; density=0.0987; max_degree=7; avg_degree=3.85; component_strategy=single-search
scaling_random_graphs,random_k_colorable,random_colorable_n40_p0.12_s47,B3,B2 + Degree Tie-Break,,,4,40,77,0.098718,1,3.85,7,1,40,3,4,True,False,False,success,40,0,0.002363,0.059082,,30.0,1,1,True,4,True,clique_lower_bound=3; component_count=1; largest_component=40; density=0.0987; max_degree=7; avg_degree=3.85; component_strategy=single-search
scaling_random_graphs,random_k_colorable,random_colorable_n40_p0.12_s47,B4,B3 + LCV,,,4,40,77,0.098718,1,3.85,7,1,40,3,4,True,False,False,success,40,0,0.002382,0.059545,,30.0,1,1,True,4,True,clique_lower_bound=3; component_count=1; largest_component=40; density=0.0987; max_degree=7; avg_degree=3.85; component_strategy=single-search
scaling_random_graphs,random_k_colorable,random_colorable_n40_p0.12_s47,B5,B4 + Structured Pruning,,,4,40,77,0.098718,1,3.85,7,1,40,3,4,True,False,False,success,40,0,0.002379,0.059465,,30.0,1,1,True,4,True,clique_lower_bound=3; component_count=1; largest_component=40; density=0.0987; max_degree=7; avg_degree=3.85; component_strategy=decompose
scaling_random_graphs,random_k_colorable,random_colorable_n40_p0.24_s11,B0,Base Backtracking,,,4,40,143,0.183333,1,7.15,14,1,40,4,4,True,False,False,success,152,232,0.001644,0.010816,16,30.0,1,1,True,4,True,clique_lower_bound=4; component_count=1; largest_component=40; density=0.1833; max_degree=14; avg_degree=7.15; component_strategy=single-search
scaling_random_graphs,random_k_colorable,random_colorable_n40_p0.24_s11,B1,Backtracking + Forward Checking,,,4,40,143,0.183333,1,7.15,14,1,40,4,4,True,False,False,success,50,14,0.000464,0.009284,16,30.0,1,1,True,4,True,clique_lower_bound=4; component_count=1; largest_component=40; density=0.1833; max_degree=14; avg_degree=7.15; component_strategy=single-search
scaling_random_graphs,random_k_colorable,random_colorable_n40_p0.24_s11,B2,B1 + MRV,,,4,40,143,0.183333,1,7.15,14,1,40,4,4,True,False,False,success,40,0,0.002385,0.059623,,30.0,1,1,True,4,True,clique_lower_bound=4; component_count=1; largest_component=40; density=0.1833; max_degree=14; avg_degree=7.15; component_strategy=single-search
scaling_random_graphs,random_k_colorable,random_colorable_n40_p0.24_s11,B3,B2 + Degree Tie-Break,,,4,40,143,0.183333,1,7.15,14,1,40,4,4,True,False,False,success,40,0,0.0026,0.06499,,30.0,1,1,True,4,True,clique_lower_bound=4; component_count=1; largest_component=40; density=0.1833; max_degree=14; avg_degree=7.15; component_strategy=single-search
scaling_random_graphs,random_k_colorable,random_colorable_n40_p0.24_s11,B4,B3 + LCV,,,4,40,143,0.183333,1,7.15,14,1,40,4,4,True,False,False,success,40,0,0.002581,0.064525,,30.0,1,1,True,4,True,clique_lower_bound=4; component_count=1; largest_component=40; density=0.1833; max_degree=14; avg_degree=7.15; component_strategy=single-search
scaling_random_graphs,random_k_colorable,random_colorable_n40_p0.24_s11,B5,B4 + Structured Pruning,,,4,40,143,0.183333,1,7.15,14,1,40,4,4,True,False,False,success,40,0,0.002522,0.06306,,30.0,1,1,True,4,True,clique_lower_bound=4; component_count=1; largest_component=40; density=0.1833; max_degree=14; avg_degree=7.15; component_strategy=decompose
scaling_random_graphs,random_k_colorable,random_colorable_n40_p0.24_s29,B0,Base Backtracking,,,4,40,156,0.2,3,7.8,13,1,40,4,4,True,False,False,success,38631,64285,0.434417,0.011245,3,30.0,1,1,True,4,True,clique_lower_bound=4; component_count=1; largest_component=40; density=0.2000; max_degree=13; avg_degree=7.80; component_strategy=single-search
scaling_random_graphs,random_k_colorable,random_colorable_n40_p0.24_s29,B1,Backtracking + Forward Checking,,,4,40,156,0.2,3,7.8,13,1,40,4,4,True,False,False,success,1886,3408,0.021888,0.011605,3,30.0,1,1,True,4,True,clique_lower_bound=4; component_count=1; largest_component=40; density=0.2000; max_degree=13; avg_degree=7.80; component_strategy=single-search
scaling_random_graphs,random_k_colorable,random_colorable_n40_p0.24_s29,B2,B1 + MRV,,,4,40,156,0.2,3,7.8,13,1,40,4,4,True,False,False,success,56,19,0.003801,0.067873,8,30.0,1,1,True,4,True,clique_lower_bound=4; component_count=1; largest_component=40; density=0.2000; max_degree=13; avg_degree=7.80; component_strategy=single-search
scaling_random_graphs,random_k_colorable,random_colorable_n40_p0.24_s29,B3,B2 + Degree Tie-Break,,,4,40,156,0.2,3,7.8,13,1,40,4,4,True,False,False,success,56,19,0.00356,0.06357,8,30.0,1,1,True,4,True,clique_lower_bound=4; component_count=1; largest_component=40; density=0.2000; max_degree=13; avg_degree=7.80; component_strategy=single-search
scaling_random_graphs,random_k_colorable,random_colorable_n40_p0.24_s29,B4,B3 + LCV,,,4,40,156,0.2,3,7.8,13,1,40,4,4,True,False,False,success,48,10,0.003164,0.065919,10,30.0,1,1,True,4,True,clique_lower_bound=4; component_count=1; largest_component=40; density=0.2000; max_degree=13; avg_degree=7.80; component_strategy=single-search
scaling_random_graphs,random_k_colorable,random_colorable_n40_p0.24_s29,B5,B4 + Structured Pruning,,,4,40,156,0.2,3,7.8,13,1,40,4,4,True,False,False,success,48,10,0.003232,0.067331,10,30.0,1,1,True,4,True,clique_lower_bound=4; component_count=1; largest_component=40; density=0.2000; max_degree=13; avg_degree=7.80; component_strategy=decompose
scaling_random_graphs,random_k_colorable,random_colorable_n40_p0.24_s47,B0,Base Backtracking,,,4,40,137,0.175641,2,6.85,11,1,40,3,4,True,False,False,success,1008,1906,0.011499,0.011408,5,30.0,1,1,True,4,True,clique_lower_bound=3; component_count=1; largest_component=40; density=0.1756; max_degree=11; avg_degree=6.85; component_strategy=single-search
scaling_random_graphs,random_k_colorable,random_colorable_n40_p0.24_s47,B1,Backtracking + Forward Checking,,,4,40,137,0.175641,2,6.85,11,1,40,3,4,True,False,False,success,180,230,0.001809,0.01005,5,30.0,1,1,True,4,True,clique_lower_bound=3; component_count=1; largest_component=40; density=0.1756; max_degree=11; avg_degree=6.85; component_strategy=single-search
scaling_random_graphs,random_k_colorable,random_colorable_n40_p0.24_s47,B2,B1 + MRV,,,4,40,137,0.175641,2,6.85,11,1,40,3,4,True,False,False,success,40,0,0.00244,0.060995,,30.0,1,1,True,4,True,clique_lower_bound=3; component_count=1; largest_component=40; density=0.1756; max_degree=11; avg_degree=6.85; component_strategy=single-search
scaling_random_graphs,random_k_colorable,random_colorable_n40_p0.24_s47,B3,B2 + Degree Tie-Break,,,4,40,137,0.175641,2,6.85,11,1,40,3,4,True,False,False,success,40,0,0.002458,0.06146,,30.0,1,1,True,4,True,clique_lower_bound=3; component_count=1; largest_component=40; density=0.1756; max_degree=11; avg_degree=6.85; component_strategy=single-search
scaling_random_graphs,random_k_colorable,random_colorable_n40_p0.24_s47,B4,B3 + LCV,,,4,40,137,0.175641,2,6.85,11,1,40,3,4,True,False,False,success,40,0,0.002581,0.064532,,30.0,1,1,True,4,True,clique_lower_bound=3; component_count=1; largest_component=40; density=0.1756; max_degree=11; avg_degree=6.85; component_strategy=single-search
scaling_random_graphs,random_k_colorable,random_colorable_n40_p0.24_s47,B5,B4 + Structured Pruning,,,4,40,137,0.175641,2,6.85,11,1,40,3,4,True,False,False,success,40,0,0.002565,0.064118,,30.0,1,1,True,4,True,clique_lower_bound=3; component_count=1; largest_component=40; density=0.1756; max_degree=11; avg_degree=6.85; component_strategy=decompose
scaling_random_graphs,random_k_colorable,random_colorable_n60_p0.12_s11,B0,Base Backtracking,,,4,60,170,0.096045,1,5.666667,12,1,60,3,4,True,False,False,success,60,0,0.000602,0.010035,,30.0,1,1,True,4,True,clique_lower_bound=3; component_count=1; largest_component=60; density=0.0960; max_degree=12; avg_degree=5.67; component_strategy=single-search
scaling_random_graphs,random_k_colorable,random_colorable_n60_p0.12_s11,B1,Backtracking + Forward Checking,,,4,60,170,0.096045,1,5.666667,12,1,60,3,4,True,False,False,success,60,0,0.000593,0.00988,,30.0,1,1,True,4,True,clique_lower_bound=3; component_count=1; largest_component=60; density=0.0960; max_degree=12; avg_degree=5.67; component_strategy=single-search
scaling_random_graphs,random_k_colorable,random_colorable_n60_p0.12_s11,B2,B1 + MRV,,,4,60,170,0.096045,1,5.666667,12,1,60,3,4,True,False,False,success,60,0,0.005605,0.093413,,30.0,1,1,True,4,True,clique_lower_bound=3; component_count=1; largest_component=60; density=0.0960; max_degree=12; avg_degree=5.67; component_strategy=single-search
scaling_random_graphs,random_k_colorable,random_colorable_n60_p0.12_s11,B3,B2 + Degree Tie-Break,,,4,60,170,0.096045,1,5.666667,12,1,60,3,4,True,False,False,success,60,0,0.005208,0.086797,,30.0,1,1,True,4,True,clique_lower_bound=3; component_count=1; largest_component=60; density=0.0960; max_degree=12; avg_degree=5.67; component_strategy=single-search
scaling_random_graphs,random_k_colorable,random_colorable_n60_p0.12_s11,B4,B3 + LCV,,,4,60,170,0.096045,1,5.666667,12,1,60,3,4,True,False,False,success,60,0,0.00524,0.087335,,30.0,1,1,True,4,True,clique_lower_bound=3; component_count=1; largest_component=60; density=0.0960; max_degree=12; avg_degree=5.67; component_strategy=single-search
scaling_random_graphs,random_k_colorable,random_colorable_n60_p0.12_s11,B5,B4 + Structured Pruning,,,4,60,170,0.096045,1,5.666667,12,1,60,3,4,True,False,False,success,60,0,0.005182,0.086368,,30.0,1,1,True,4,True,clique_lower_bound=3; component_count=1; largest_component=60; density=0.0960; max_degree=12; avg_degree=5.67; component_strategy=decompose
scaling_random_graphs,random_k_colorable,random_colorable_n60_p0.12_s29,B0,Base Backtracking,,,4,60,169,0.09548,2,5.633333,10,1,60,3,4,True,False,False,success,1392,2684,0.017753,0.012753,22,30.0,1,1,True,4,True,clique_lower_bound=3; component_count=1; largest_component=60; density=0.0955; max_degree=10; avg_degree=5.63; component_strategy=single-search
scaling_random_graphs,random_k_colorable,random_colorable_n60_p0.12_s29,B1,Backtracking + Forward Checking,,,4,60,169,0.09548,2,5.633333,10,1,60,3,4,True,False,False,success,160,144,0.001613,0.010081,22,30.0,1,1,True,4,True,clique_lower_bound=3; component_count=1; largest_component=60; density=0.0955; max_degree=10; avg_degree=5.63; component_strategy=single-search
scaling_random_graphs,random_k_colorable,random_colorable_n60_p0.12_s29,B2,B1 + MRV,,,4,60,169,0.09548,2,5.633333,10,1,60,3,4,True,False,False,success,60,0,0.005311,0.088513,,30.0,1,1,True,4,True,clique_lower_bound=3; component_count=1; largest_component=60; density=0.0955; max_degree=10; avg_degree=5.63; component_strategy=single-search
scaling_random_graphs,random_k_colorable,random_colorable_n60_p0.12_s29,B3,B2 + Degree Tie-Break,,,4,60,169,0.09548,2,5.633333,10,1,60,3,4,True,False,False,success,60,0,0.006155,0.102583,,30.0,1,1,True,4,True,clique_lower_bound=3; component_count=1; largest_component=60; density=0.0955; max_degree=10; avg_degree=5.63; component_strategy=single-search
scaling_random_graphs,random_k_colorable,random_colorable_n60_p0.12_s29,B4,B3 + LCV,,,4,60,169,0.09548,2,5.633333,10,1,60,3,4,True,False,False,success,60,0,0.005441,0.090687,,30.0,1,1,True,4,True,clique_lower_bound=3; component_count=1; largest_component=60; density=0.0955; max_degree=10; avg_degree=5.63; component_strategy=single-search
scaling_random_graphs,random_k_colorable,random_colorable_n60_p0.12_s29,B5,B4 + Structured Pruning,,,4,60,169,0.09548,2,5.633333,10,1,60,3,4,True,False,False,success,60,0,0.005571,0.092848,,30.0,1,1,True,4,True,clique_lower_bound=3; component_count=1; largest_component=60; density=0.0955; max_degree=10; avg_degree=5.63; component_strategy=decompose
scaling_random_graphs,random_k_colorable,random_colorable_n60_p0.12_s47,B0,Base Backtracking,,,4,60,159,0.089831,1,5.3,10,1,60,3,4,True,False,False,success,69,43,0.000809,0.01172,15,30.0,1,1,True,4,True,clique_lower_bound=3; component_count=1; largest_component=60; density=0.0898; max_degree=10; avg_degree=5.30; component_strategy=single-search
scaling_random_graphs,random_k_colorable,random_colorable_n60_p0.12_s47,B1,Backtracking + Forward Checking,,,4,60,159,0.089831,1,5.3,10,1,60,3,4,True,False,False,success,62,5,0.000632,0.0102,15,30.0,1,1,True,4,True,clique_lower_bound=3; component_count=1; largest_component=60; density=0.0898; max_degree=10; avg_degree=5.30; component_strategy=single-search
scaling_random_graphs,random_k_colorable,random_colorable_n60_p0.12_s47,B2,B1 + MRV,,,4,60,159,0.089831,1,5.3,10,1,60,3,4,True,False,False,success,60,0,0.004949,0.082483,,30.0,1,1,True,4,True,clique_lower_bound=3; component_count=1; largest_component=60; density=0.0898; max_degree=10; avg_degree=5.30; component_strategy=single-search
scaling_random_graphs,random_k_colorable,random_colorable_n60_p0.12_s47,B3,B2 + Degree Tie-Break,,,4,60,159,0.089831,1,5.3,10,1,60,3,4,True,False,False,success,60,0,0.005007,0.083448,,30.0,1,1,True,4,True,clique_lower_bound=3; component_count=1; largest_component=60; density=0.0898; max_degree=10; avg_degree=5.30; component_strategy=single-search
scaling_random_graphs,random_k_colorable,random_colorable_n60_p0.12_s47,B4,B3 + LCV,,,4,60,159,0.089831,1,5.3,10,1,60,3,4,True,False,False,success,60,0,0.005281,0.088013,,30.0,1,1,True,4,True,clique_lower_bound=3; component_count=1; largest_component=60; density=0.0898; max_degree=10; avg_degree=5.30; component_strategy=single-search
scaling_random_graphs,random_k_colorable,random_colorable_n60_p0.12_s47,B5,B4 + Structured Pruning,,,4,60,159,0.089831,1,5.3,10,1,60,3,4,True,False,False,success,60,0,0.0053,0.088325,,30.0,1,1,True,4,True,clique_lower_bound=3; component_count=1; largest_component=60; density=0.0898; max_degree=10; avg_degree=5.30; component_strategy=decompose
scaling_random_graphs,random_k_colorable,random_colorable_n60_p0.24_s11,B0,Base Backtracking,,,4,60,327,0.184746,4,10.9,18,1,60,4,4,True,False,False,success,4546,7000,0.058606,0.012892,2,30.0,1,1,True,4,True,clique_lower_bound=4; component_count=1; largest_component=60; density=0.1847; max_degree=18; avg_degree=10.90; component_strategy=single-search
scaling_random_graphs,random_k_colorable,random_colorable_n60_p0.24_s11,B1,Backtracking + Forward Checking,,,4,60,327,0.184746,4,10.9,18,1,60,4,4,True,False,False,success,339,454,0.00471,0.013895,2,30.0,1,1,True,4,True,clique_lower_bound=4; component_count=1; largest_component=60; density=0.1847; max_degree=18; avg_degree=10.90; component_strategy=single-search
scaling_random_graphs,random_k_colorable,random_colorable_n60_p0.24_s11,B2,B1 + MRV,,,4,60,327,0.184746,4,10.9,18,1,60,4,4,True,False,False,success,70,11,0.00706,0.100851,6,30.0,1,1,True,4,True,clique_lower_bound=4; component_count=1; largest_component=60; density=0.1847; max_degree=18; avg_degree=10.90; component_strategy=single-search
scaling_random_graphs,random_k_colorable,random_colorable_n60_p0.24_s11,B3,B2 + Degree Tie-Break,,,4,60,327,0.184746,4,10.9,18,1,60,4,4,True,False,False,success,70,11,0.007426,0.10609,6,30.0,1,1,True,4,True,clique_lower_bound=4; component_count=1; largest_component=60; density=0.1847; max_degree=18; avg_degree=10.90; component_strategy=single-search
scaling_random_graphs,random_k_colorable,random_colorable_n60_p0.24_s11,B4,B3 + LCV,,,4,60,327,0.184746,4,10.9,18,1,60,4,4,True,False,False,success,70,11,0.00729,0.104149,6,30.0,1,1,True,4,True,clique_lower_bound=4; component_count=1; largest_component=60; density=0.1847; max_degree=18; avg_degree=10.90; component_strategy=single-search
scaling_random_graphs,random_k_colorable,random_colorable_n60_p0.24_s11,B5,B4 + Structured Pruning,,,4,60,327,0.184746,4,10.9,18,1,60,4,4,True,False,False,success,70,11,0.007264,0.103766,6,30.0,1,1,True,4,True,clique_lower_bound=4; component_count=1; largest_component=60; density=0.1847; max_degree=18; avg_degree=10.90; component_strategy=decompose
scaling_random_graphs,random_k_colorable,random_colorable_n60_p0.24_s29,B0,Base Backtracking,,,4,60,337,0.190395,5,11.233333,16,1,60,4,4,True,False,False,success,124581,271929,1.992969,0.015997,3,30.0,1,1,True,4,True,clique_lower_bound=4; component_count=1; largest_component=60; density=0.1904; max_degree=16; avg_degree=11.23; component_strategy=single-search
scaling_random_graphs,random_k_colorable,random_colorable_n60_p0.24_s29,B1,Backtracking + Forward Checking,,,4,60,337,0.190395,5,11.233333,16,1,60,4,4,True,False,False,success,3065,5983,0.047019,0.015341,3,30.0,1,1,True,4,True,clique_lower_bound=4; component_count=1; largest_component=60; density=0.1904; max_degree=16; avg_degree=11.23; component_strategy=single-search
scaling_random_graphs,random_k_colorable,random_colorable_n60_p0.24_s29,B2,B1 + MRV,,,4,60,337,0.190395,5,11.233333,16,1,60,4,4,True,False,False,success,60,0,0.005616,0.093605,,30.0,1,1,True,4,True,clique_lower_bound=4; component_count=1; largest_component=60; density=0.1904; max_degree=16; avg_degree=11.23; component_strategy=single-search
scaling_random_graphs,random_k_colorable,random_colorable_n60_p0.24_s29,B3,B2 + Degree Tie-Break,,,4,60,337,0.190395,5,11.233333,16,1,60,4,4,True,False,False,success,60,0,0.00573,0.095492,,30.0,1,1,True,4,True,clique_lower_bound=4; component_count=1; largest_component=60; density=0.1904; max_degree=16; avg_degree=11.23; component_strategy=single-search
scaling_random_graphs,random_k_colorable,random_colorable_n60_p0.24_s29,B4,B3 + LCV,,,4,60,337,0.190395,5,11.233333,16,1,60,4,4,True,False,False,success,60,0,0.005753,0.095875,,30.0,1,1,True,4,True,clique_lower_bound=4; component_count=1; largest_component=60; density=0.1904; max_degree=16; avg_degree=11.23; component_strategy=single-search
scaling_random_graphs,random_k_colorable,random_colorable_n60_p0.24_s29,B5,B4 + Structured Pruning,,,4,60,337,0.190395,5,11.233333,16,1,60,4,4,True,False,False,success,60,0,0.005881,0.09801,,30.0,1,1,True,4,True,clique_lower_bound=4; component_count=1; largest_component=60; density=0.1904; max_degree=16; avg_degree=11.23; component_strategy=decompose
scaling_random_graphs,random_k_colorable,random_colorable_n60_p0.24_s47,B0,Base Backtracking,,,4,60,325,0.183616,6,10.833333,17,1,60,4,4,True,False,False,success,3635,10253,0.069385,0.019088,2,30.0,1,1,True,4,True,clique_lower_bound=4; component_count=1; largest_component=60; density=0.1836; max_degree=17; avg_degree=10.83; component_strategy=single-search
scaling_random_graphs,random_k_colorable,random_colorable_n60_p0.24_s47,B1,Backtracking + Forward Checking,,,4,60,325,0.183616,6,10.833333,17,1,60,4,4,True,False,False,success,144,152,0.002028,0.014085,2,30.0,1,1,True,4,True,clique_lower_bound=4; component_count=1; largest_component=60; density=0.1836; max_degree=17; avg_degree=10.83; component_strategy=single-search
scaling_random_graphs,random_k_colorable,random_colorable_n60_p0.24_s47,B2,B1 + MRV,,,4,60,325,0.183616,6,10.833333,17,1,60,4,4,True,False,False,success,71,13,0.007234,0.101882,5,30.0,1,1,True,4,True,clique_lower_bound=4; component_count=1; largest_component=60; density=0.1836; max_degree=17; avg_degree=10.83; component_strategy=single-search
scaling_random_graphs,random_k_colorable,random_colorable_n60_p0.24_s47,B3,B2 + Degree Tie-Break,,,4,60,325,0.183616,6,10.833333,17,1,60,4,4,True,False,False,success,71,13,0.007785,0.109654,5,30.0,1,1,True,4,True,clique_lower_bound=4; component_count=1; largest_component=60; density=0.1836; max_degree=17; avg_degree=10.83; component_strategy=single-search
scaling_random_graphs,random_k_colorable,random_colorable_n60_p0.24_s47,B4,B3 + LCV,,,4,60,325,0.183616,6,10.833333,17,1,60,4,4,True,False,False,success,71,13,0.007478,0.105323,5,30.0,1,1,True,4,True,clique_lower_bound=4; component_count=1; largest_component=60; density=0.1836; max_degree=17; avg_degree=10.83; component_strategy=single-search
scaling_random_graphs,random_k_colorable,random_colorable_n60_p0.24_s47,B5,B4 + Structured Pruning,,,4,60,325,0.183616,6,10.833333,17,1,60,4,4,True,False,False,success,71,13,0.007516,0.105856,5,30.0,1,1,True,4,True,clique_lower_bound=4; component_count=1; largest_component=60; density=0.1836; max_degree=17; avg_degree=10.83; component_strategy=decompose
scaling_random_graphs,random_k_colorable,random_colorable_n80_p0.12_s11,B0,Base Backtracking,,,4,80,307,0.097152,2,7.675,14,1,80,3,4,True,False,False,success,27918,48628,0.401998,0.014399,9,30.0,1,1,True,4,True,clique_lower_bound=3; component_count=1; largest_component=80; density=0.0972; max_degree=14; avg_degree=7.67; component_strategy=single-search
scaling_random_graphs,random_k_colorable,random_colorable_n80_p0.12_s11,B1,Backtracking + Forward Checking,,,4,80,307,0.097152,2,7.675,14,1,80,3,4,True,False,False,success,438,584,0.005795,0.013231,9,30.0,1,1,True,4,True,clique_lower_bound=3; component_count=1; largest_component=80; density=0.0972; max_degree=14; avg_degree=7.67; component_strategy=single-search
scaling_random_graphs,random_k_colorable,random_colorable_n80_p0.12_s11,B2,B1 + MRV,,,4,80,307,0.097152,2,7.675,14,1,80,3,4,True,False,False,success,108,30,0.013585,0.12579,26,30.0,1,1,True,4,True,clique_lower_bound=3; component_count=1; largest_component=80; density=0.0972; max_degree=14; avg_degree=7.67; component_strategy=single-search
scaling_random_graphs,random_k_colorable,random_colorable_n80_p0.12_s11,B3,B2 + Degree Tie-Break,,,4,80,307,0.097152,2,7.675,14,1,80,3,4,True,False,False,success,108,30,0.013021,0.120561,26,30.0,1,1,True,4,True,clique_lower_bound=3; component_count=1; largest_component=80; density=0.0972; max_degree=14; avg_degree=7.67; component_strategy=single-search
scaling_random_graphs,random_k_colorable,random_colorable_n80_p0.12_s11,B4,B3 + LCV,,,4,80,307,0.097152,2,7.675,14,1,80,3,4,True,False,False,success,108,30,0.013055,0.120883,26,30.0,1,1,True,4,True,clique_lower_bound=3; component_count=1; largest_component=80; density=0.0972; max_degree=14; avg_degree=7.67; component_strategy=single-search
scaling_random_graphs,random_k_colorable,random_colorable_n80_p0.12_s11,B5,B4 + Structured Pruning,,,4,80,307,0.097152,2,7.675,14,1,80,3,4,True,False,False,success,108,30,0.013538,0.125356,26,30.0,1,1,True,4,True,clique_lower_bound=3; component_count=1; largest_component=80; density=0.0972; max_degree=14; avg_degree=7.67; component_strategy=decompose
scaling_random_graphs,random_k_colorable,random_colorable_n80_p0.12_s29,B0,Base Backtracking,,,4,80,259,0.081962,2,6.475,14,1,80,3,4,True,False,False,success,4650,7786,0.079626,0.017124,36,30.0,1,1,True,4,True,clique_lower_bound=3; component_count=1; largest_component=80; density=0.0820; max_degree=14; avg_degree=6.47; component_strategy=single-search
scaling_random_graphs,random_k_colorable,random_colorable_n80_p0.12_s29,B1,Backtracking + Forward Checking,,,4,80,259,0.081962,2,6.475,14,1,80,3,4,True,False,False,success,191,176,0.002205,0.011546,36,30.0,1,1,True,4,True,clique_lower_bound=3; component_count=1; largest_component=80; density=0.0820; max_degree=14; avg_degree=6.47; component_strategy=single-search
scaling_random_graphs,random_k_colorable,random_colorable_n80_p0.12_s29,B2,B1 + MRV,,,4,80,259,0.081962,2,6.475,14,1,80,3,4,True,False,False,success,80,0,0.009349,0.116861,,30.0,1,1,True,4,True,clique_lower_bound=3; component_count=1; largest_component=80; density=0.0820; max_degree=14; avg_degree=6.47; component_strategy=single-search
scaling_random_graphs,random_k_colorable,random_colorable_n80_p0.12_s29,B3,B2 + Degree Tie-Break,,,4,80,259,0.081962,2,6.475,14,1,80,3,4,True,False,False,success,80,0,0.00954,0.119245,,30.0,1,1,True,4,True,clique_lower_bound=3; component_count=1; largest_component=80; density=0.0820; max_degree=14; avg_degree=6.47; component_strategy=single-search
scaling_random_graphs,random_k_colorable,random_colorable_n80_p0.12_s29,B4,B3 + LCV,,,4,80,259,0.081962,2,6.475,14,1,80,3,4,True,False,False,success,80,0,0.009623,0.120286,,30.0,1,1,True,4,True,clique_lower_bound=3; component_count=1; largest_component=80; density=0.0820; max_degree=14; avg_degree=6.47; component_strategy=single-search
scaling_random_graphs,random_k_colorable,random_colorable_n80_p0.12_s29,B5,B4 + Structured Pruning,,,4,80,259,0.081962,2,6.475,14,1,80,3,4,True,False,False,success,80,0,0.009771,0.122143,,30.0,1,1,True,4,True,clique_lower_bound=3; component_count=1; largest_component=80; density=0.0820; max_degree=14; avg_degree=6.47; component_strategy=decompose
scaling_random_graphs,random_k_colorable,random_colorable_n80_p0.12_s47,B0,Base Backtracking,,,4,80,282,0.089241,2,7.05,14,1,80,3,4,True,False,False,success,1781903,3181071,25.428559,0.01427,12,30.0,1,1,True,4,True,clique_lower_bound=3; component_count=1; largest_component=80; density=0.0892; max_degree=14; avg_degree=7.05; component_strategy=single-search
scaling_random_graphs,random_k_colorable,random_colorable_n80_p0.12_s47,B1,Backtracking + Forward Checking,,,4,80,282,0.089241,2,7.05,14,1,80,3,4,True,False,False,success,11231,15915,0.136448,0.012149,12,30.0,1,1,True,4,True,clique_lower_bound=3; component_count=1; largest_component=80; density=0.0892; max_degree=14; avg_degree=7.05; component_strategy=single-search
scaling_random_graphs,random_k_colorable,random_colorable_n80_p0.12_s47,B2,B1 + MRV,,,4,80,282,0.089241,2,7.05,14,1,80,3,4,True,False,False,success,82,3,0.009792,0.119411,26,30.0,1,1,True,4,True,clique_lower_bound=3; component_count=1; largest_component=80; density=0.0892; max_degree=14; avg_degree=7.05; component_strategy=single-search
scaling_random_graphs,random_k_colorable,random_colorable_n80_p0.12_s47,B3,B2 + Degree Tie-Break,,,4,80,282,0.089241,2,7.05,14,1,80,3,4,True,False,False,success,82,3,0.01,0.121946,26,30.0,1,1,True,4,True,clique_lower_bound=3; component_count=1; largest_component=80; density=0.0892; max_degree=14; avg_degree=7.05; component_strategy=single-search
scaling_random_graphs,random_k_colorable,random_colorable_n80_p0.12_s47,B4,B3 + LCV,,,4,80,282,0.089241,2,7.05,14,1,80,3,4,True,False,False,success,80,0,0.00974,0.121755,,30.0,1,1,True,4,True,clique_lower_bound=3; component_count=1; largest_component=80; density=0.0892; max_degree=14; avg_degree=7.05; component_strategy=single-search
scaling_random_graphs,random_k_colorable,random_colorable_n80_p0.12_s47,B5,B4 + Structured Pruning,,,4,80,282,0.089241,2,7.05,14,1,80,3,4,True,False,False,success,80,0,0.010061,0.125766,,30.0,1,1,True,4,True,clique_lower_bound=3; component_count=1; largest_component=80; density=0.0892; max_degree=14; avg_degree=7.05; component_strategy=decompose
scaling_random_graphs,random_k_colorable,random_colorable_n80_p0.24_s11,B0,Base Backtracking,,,4,80,607,0.192089,8,15.175,26,1,80,4,4,True,False,False,success,5198,10000,0.097743,0.018804,2,30.0,1,1,True,4,True,clique_lower_bound=4; component_count=1; largest_component=80; density=0.1921; max_degree=26; avg_degree=15.18; component_strategy=single-search
scaling_random_graphs,random_k_colorable,random_colorable_n80_p0.24_s11,B1,Backtracking + Forward Checking,,,4,80,607,0.192089,8,15.175,26,1,80,4,4,True,False,False,success,522,834,0.011116,0.021294,2,30.0,1,1,True,4,True,clique_lower_bound=4; component_count=1; largest_component=80; density=0.1921; max_degree=26; avg_degree=15.18; component_strategy=single-search
scaling_random_graphs,random_k_colorable,random_colorable_n80_p0.24_s11,B2,B1 + MRV,,,4,80,607,0.192089,8,15.175,26,1,80,4,4,True,False,False,success,80,0,0.010474,0.130929,,30.0,1,1,True,4,True,clique_lower_bound=4; component_count=1; largest_component=80; density=0.1921; max_degree=26; avg_degree=15.18; component_strategy=single-search
scaling_random_graphs,random_k_colorable,random_colorable_n80_p0.24_s11,B3,B2 + Degree Tie-Break,,,4,80,607,0.192089,8,15.175,26,1,80,4,4,True,False,False,success,80,0,0.010455,0.130681,,30.0,1,1,True,4,True,clique_lower_bound=4; component_count=1; largest_component=80; density=0.1921; max_degree=26; avg_degree=15.18; component_strategy=single-search
scaling_random_graphs,random_k_colorable,random_colorable_n80_p0.24_s11,B4,B3 + LCV,,,4,80,607,0.192089,8,15.175,26,1,80,4,4,True,False,False,success,80,0,0.011152,0.139399,,30.0,1,1,True,4,True,clique_lower_bound=4; component_count=1; largest_component=80; density=0.1921; max_degree=26; avg_degree=15.18; component_strategy=single-search
scaling_random_graphs,random_k_colorable,random_colorable_n80_p0.24_s11,B5,B4 + Structured Pruning,,,4,80,607,0.192089,8,15.175,26,1,80,4,4,True,False,False,success,80,0,0.010713,0.133919,,30.0,1,1,True,4,True,clique_lower_bound=4; component_count=1; largest_component=80; density=0.1921; max_degree=26; avg_degree=15.18; component_strategy=decompose
scaling_random_graphs,random_k_colorable,random_colorable_n80_p0.24_s29,B0,Base Backtracking,,,4,80,556,0.175949,8,13.9,24,1,80,4,4,True,False,False,success,8034,13580,0.134165,0.0167,2,30.0,1,1,True,4,True,clique_lower_bound=4; component_count=1; largest_component=80; density=0.1759; max_degree=24; avg_degree=13.90; component_strategy=single-search
scaling_random_graphs,random_k_colorable,random_colorable_n80_p0.24_s29,B1,Backtracking + Forward Checking,,,4,80,556,0.175949,8,13.9,24,1,80,4,4,True,False,False,success,927,1631,0.017554,0.018937,2,30.0,1,1,True,4,True,clique_lower_bound=4; component_count=1; largest_component=80; density=0.1759; max_degree=24; avg_degree=13.90; component_strategy=single-search
scaling_random_graphs,random_k_colorable,random_colorable_n80_p0.24_s29,B2,B1 + MRV,,,4,80,556,0.175949,8,13.9,24,1,80,4,4,True,False,False,success,101,24,0.01611,0.159504,4,30.0,1,1,True,4,True,clique_lower_bound=4; component_count=1; largest_component=80; density=0.1759; max_degree=24; avg_degree=13.90; component_strategy=single-search
scaling_random_graphs,random_k_colorable,random_colorable_n80_p0.24_s29,B3,B2 + Degree Tie-Break,,,4,80,556,0.175949,8,13.9,24,1,80,4,4,True,False,False,success,101,24,0.016354,0.161916,4,30.0,1,1,True,4,True,clique_lower_bound=4; component_count=1; largest_component=80; density=0.1759; max_degree=24; avg_degree=13.90; component_strategy=single-search
scaling_random_graphs,random_k_colorable,random_colorable_n80_p0.24_s29,B4,B3 + LCV,,,4,80,556,0.175949,8,13.9,24,1,80,4,4,True,False,False,success,95,17,0.014898,0.156817,4,30.0,1,1,True,4,True,clique_lower_bound=4; component_count=1; largest_component=80; density=0.1759; max_degree=24; avg_degree=13.90; component_strategy=single-search
scaling_random_graphs,random_k_colorable,random_colorable_n80_p0.24_s29,B5,B4 + Structured Pruning,,,4,80,556,0.175949,8,13.9,24,1,80,4,4,True,False,False,success,95,17,0.014791,0.1557,4,30.0,1,1,True,4,True,clique_lower_bound=4; component_count=1; largest_component=80; density=0.1759; max_degree=24; avg_degree=13.90; component_strategy=decompose
scaling_random_graphs,random_k_colorable,random_colorable_n80_p0.24_s47,B0,Base Backtracking,,,4,80,558,0.176582,7,13.95,22,1,80,4,4,True,False,False,success,14021,25185,0.232196,0.016561,5,30.0,1,1,True,4,True,clique_lower_bound=4; component_count=1; largest_component=80; density=0.1766; max_degree=22; avg_degree=13.95; component_strategy=single-search
scaling_random_graphs,random_k_colorable,random_colorable_n80_p0.24_s47,B1,Backtracking + Forward Checking,,,4,80,558,0.176582,7,13.95,22,1,80,4,4,True,False,False,success,315,442,0.005514,0.017505,5,30.0,1,1,True,4,True,clique_lower_bound=4; component_count=1; largest_component=80; density=0.1766; max_degree=22; avg_degree=13.95; component_strategy=single-search
scaling_random_graphs,random_k_colorable,random_colorable_n80_p0.24_s47,B2,B1 + MRV,,,4,80,558,0.176582,7,13.95,22,1,80,4,4,True,False,False,success,80,0,0.01066,0.133245,,30.0,1,1,True,4,True,clique_lower_bound=4; component_count=1; largest_component=80; density=0.1766; max_degree=22; avg_degree=13.95; component_strategy=single-search
scaling_random_graphs,random_k_colorable,random_colorable_n80_p0.24_s47,B3,B2 + Degree Tie-Break,,,4,80,558,0.176582,7,13.95,22,1,80,4,4,True,False,False,success,80,0,0.010633,0.132915,,30.0,1,1,True,4,True,clique_lower_bound=4; component_count=1; largest_component=80; density=0.1766; max_degree=22; avg_degree=13.95; component_strategy=single-search
scaling_random_graphs,random_k_colorable,random_colorable_n80_p0.24_s47,B4,B3 + LCV,,,4,80,558,0.176582,7,13.95,22,1,80,4,4,True,False,False,success,80,0,0.010802,0.135028,,30.0,1,1,True,4,True,clique_lower_bound=4; component_count=1; largest_component=80; density=0.1766; max_degree=22; avg_degree=13.95; component_strategy=single-search
scaling_random_graphs,random_k_colorable,random_colorable_n80_p0.24_s47,B5,B4 + Structured Pruning,,,4,80,558,0.176582,7,13.95,22,1,80,4,4,True,False,False,success,80,0,0.010739,0.13424,,30.0,1,1,True,4,True,clique_lower_bound=4; component_count=1; largest_component=80; density=0.1766; max_degree=22; avg_degree=13.95; component_strategy=decompose
multi_solution_25,dimacs_leighton,le450_25a.col,B0,Base Backtracking,,,25,450,8260,0.081762,2,36.711111,128,1,450,25,25,True,False,False,success,581,211,0.05468,0.094114,273,500.0,1,1,True,25,True,clique_lower_bound=25; component_count=1; largest_component=450; density=0.0818; max_degree=128; avg_degree=36.71; component_strategy=single-search
multi_solution_25,dimacs_leighton,le450_25a.col,B1,Backtracking + Forward Checking,,,25,450,8260,0.081762,2,36.711111,128,1,450,25,25,True,False,False,success,521,91,0.047865,0.091872,273,500.0,1,1,True,25,True,clique_lower_bound=25; component_count=1; largest_component=450; density=0.0818; max_degree=128; avg_degree=36.71; component_strategy=single-search
multi_solution_25,dimacs_leighton,le450_25a.col,B2,B1 + MRV,,,25,450,8260,0.081762,2,36.711111,128,1,450,25,25,True,False,False,success,450,0,3.591789,7.981753,,500.0,1,1,True,25,True,clique_lower_bound=25; component_count=1; largest_component=450; density=0.0818; max_degree=128; avg_degree=36.71; component_strategy=single-search
multi_solution_25,dimacs_leighton,le450_25a.col,B3,B2 + Degree Tie-Break,,,25,450,8260,0.081762,2,36.711111,128,1,450,25,25,True,False,False,success,450,0,3.926867,8.726372,,500.0,1,1,True,25,True,clique_lower_bound=25; component_count=1; largest_component=450; density=0.0818; max_degree=128; avg_degree=36.71; component_strategy=single-search
multi_solution_25,dimacs_leighton,le450_25a.col,B4,B3 + LCV,,,25,450,8260,0.081762,2,36.711111,128,1,450,25,25,True,False,False,success,450,0,5.591708,12.426018,,500.0,1,1,True,25,True,clique_lower_bound=25; component_count=1; largest_component=450; density=0.0818; max_degree=128; avg_degree=36.71; component_strategy=single-search
multi_solution_25,dimacs_leighton,le450_25a.col,B5,B4 + Structured Pruning,,,25,450,8260,0.081762,2,36.711111,128,1,450,25,25,True,False,False,success,450,0,4.728136,10.506969,,500.0,1,1,True,25,True,clique_lower_bound=25; component_count=1; largest_component=450; density=0.0818; max_degree=128; avg_degree=36.71; component_strategy=decompose
multi_solution_25,dimacs_leighton,le450_25a.col,B0,Base Backtracking,,,25,450,8260,0.081762,2,36.711111,128,1,450,25,25,True,False,False,success,581,220,0.069347,0.119358,273,500.0,10,10,True,25,True,clique_lower_bound=25; component_count=1; largest_component=450; density=0.0818; max_degree=128; avg_degree=36.71; component_strategy=single-search; multi_solution_target=10
multi_solution_25,dimacs_leighton,le450_25a.col,B1,Backtracking + Forward Checking,,,25,450,8260,0.081762,2,36.711111,128,1,450,25,25,True,False,False,success,521,100,0.067389,0.129345,273,500.0,10,10,True,25,True,clique_lower_bound=25; component_count=1; largest_component=450; density=0.0818; max_degree=128; avg_degree=36.71; component_strategy=single-search; multi_solution_target=10
multi_solution_25,dimacs_leighton,le450_25a.col,B2,B1 + MRV,,,25,450,8260,0.081762,2,36.711111,128,1,450,25,25,True,False,False,success,450,9,5.420211,12.044913,,500.0,10,10,True,25,True,clique_lower_bound=25; component_count=1; largest_component=450; density=0.0818; max_degree=128; avg_degree=36.71; component_strategy=single-search; multi_solution_target=10
multi_solution_25,dimacs_leighton,le450_25a.col,B3,B2 + Degree Tie-Break,,,25,450,8260,0.081762,2,36.711111,128,1,450,25,25,True,False,False,success,450,9,5.12566,11.390355,,500.0,10,10,True,25,True,clique_lower_bound=25; component_count=1; largest_component=450; density=0.0818; max_degree=128; avg_degree=36.71; component_strategy=single-search; multi_solution_target=10
multi_solution_25,dimacs_leighton,le450_25a.col,B4,B3 + LCV,,,25,450,8260,0.081762,2,36.711111,128,1,450,25,25,True,False,False,success,450,9,5.432507,12.072238,,500.0,10,10,True,25,True,clique_lower_bound=25; component_count=1; largest_component=450; density=0.0818; max_degree=128; avg_degree=36.71; component_strategy=single-search; multi_solution_target=10
multi_solution_25,dimacs_leighton,le450_25a.col,B5,B4 + Structured Pruning,,,25,450,8260,0.081762,2,36.711111,128,1,450,25,25,True,False,False,success,450,9,5.119946,11.377658,,500.0,10,10,True,25,True,clique_lower_bound=25; component_count=1; largest_component=450; density=0.0818; max_degree=128; avg_degree=36.71; component_strategy=decompose; multi_solution_target=10
multi_solution_25,dimacs_leighton,le450_25a.col,B0,Base Backtracking,,,25,450,8260,0.081762,2,36.711111,128,1,450,25,25,True,False,False,success,585,314,0.080606,0.137789,273,500.0,100,100,True,25,True,clique_lower_bound=25; component_count=1; largest_component=450; density=0.0818; max_degree=128; avg_degree=36.71; component_strategy=single-search; multi_solution_target=100
multi_solution_25,dimacs_leighton,le450_25a.col,B1,Backtracking + Forward Checking,,,25,450,8260,0.081762,2,36.711111,128,1,450,25,25,True,False,False,success,525,194,0.073847,0.140661,273,500.0,100,100,True,25,True,clique_lower_bound=25; component_count=1; largest_component=450; density=0.0818; max_degree=128; avg_degree=36.71; component_strategy=single-search; multi_solution_target=100
multi_solution_25,dimacs_leighton,le450_25a.col,B2,B1 + MRV,,,25,450,8260,0.081762,2,36.711111,128,1,450,25,25,True,False,False,success,454,103,4.718482,10.393132,449,500.0,100,100,True,25,True,clique_lower_bound=25; component_count=1; largest_component=450; density=0.0818; max_degree=128; avg_degree=36.71; component_strategy=single-search; multi_solution_target=100
multi_solution_25,dimacs_leighton,le450_25a.col,B3,B2 + Degree Tie-Break,,,25,450,8260,0.081762,2,36.711111,128,1,450,25,25,True,False,False,success,454,103,5.326424,11.732212,449,500.0,100,100,True,25,True,clique_lower_bound=25; component_count=1; largest_component=450; density=0.0818; max_degree=128; avg_degree=36.71; component_strategy=single-search; multi_solution_target=100
multi_solution_25,dimacs_leighton,le450_25a.col,B4,B3 + LCV,,,25,450,8260,0.081762,2,36.711111,128,1,450,25,25,True,False,False,success,454,103,4.907093,10.808574,449,500.0,100,100,True,25,True,clique_lower_bound=25; component_count=1; largest_component=450; density=0.0818; max_degree=128; avg_degree=36.71; component_strategy=single-search; multi_solution_target=100
multi_solution_25,dimacs_leighton,le450_25a.col,B5,B4 + Structured Pruning,,,25,450,8260,0.081762,2,36.711111,128,1,450,25,25,True,False,False,success,454,103,5.005558,11.025458,449,500.0,100,100,True,25,True,clique_lower_bound=25; component_count=1; largest_component=450; density=0.0818; max_degree=128; avg_degree=36.71; component_strategy=decompose; multi_solution_target=100
multi_solution_25,dimacs_leighton,le450_25a.col,B0,Base Backtracking,,,25,450,8260,0.081762,2,36.711111,128,1,450,25,25,True,False,False,success,625,1254,0.111064,0.177703,273,500.0,1000,1000,True,25,True,clique_lower_bound=25; component_count=1; largest_component=450; density=0.0818; max_degree=128; avg_degree=36.71; component_strategy=single-search; multi_solution_target=1000
multi_solution_25,dimacs_leighton,le450_25a.col,B1,Backtracking + Forward Checking,,,25,450,8260,0.081762,2,36.711111,128,1,450,25,25,True,False,False,success,565,1134,0.086722,0.153489,273,500.0,1000,1000,True,25,True,clique_lower_bound=25; component_count=1; largest_component=450; density=0.0818; max_degree=128; avg_degree=36.71; component_strategy=single-search; multi_solution_target=1000
multi_solution_25,dimacs_leighton,le450_25a.col,B2,B1 + MRV,,,25,450,8260,0.081762,2,36.711111,128,1,450,25,25,True,False,False,success,494,1043,5.100578,10.325057,448,500.0,1000,1000,True,25,True,clique_lower_bound=25; component_count=1; largest_component=450; density=0.0818; max_degree=128; avg_degree=36.71; component_strategy=single-search; multi_solution_target=1000
multi_solution_25,dimacs_leighton,le450_25a.col,B3,B2 + Degree Tie-Break,,,25,450,8260,0.081762,2,36.711111,128,1,450,25,25,True,False,False,success,494,1043,5.712132,11.56302,448,500.0,1000,1000,True,25,True,clique_lower_bound=25; component_count=1; largest_component=450; density=0.0818; max_degree=128; avg_degree=36.71; component_strategy=single-search; multi_solution_target=1000
multi_solution_25,dimacs_leighton,le450_25a.col,B4,B3 + LCV,,,25,450,8260,0.081762,2,36.711111,128,1,450,25,25,True,False,False,success,492,1041,5.385862,10.946874,448,500.0,1000,1000,True,25,True,clique_lower_bound=25; component_count=1; largest_component=450; density=0.0818; max_degree=128; avg_degree=36.71; component_strategy=single-search; multi_solution_target=1000
multi_solution_25,dimacs_leighton,le450_25a.col,B5,B4 + Structured Pruning,,,25,450,8260,0.081762,2,36.711111,128,1,450,25,25,True,False,False,success,492,1041,5.923763,12.04017,448,500.0,1000,1000,True,25,True,clique_lower_bound=25; component_count=1; largest_component=450; density=0.0818; max_degree=128; avg_degree=36.71; component_strategy=decompose; multi_solution_target=1000
